[
    {
        "Postcode": "85000",
        "Location": "Jalan Abdullah",
        "Post_Office": "Segamat",
        "State": "Johor"
    },
    {
        "Postcode": "85000",
        "Location": "Jalan Bunga Raya",
        "Post_Office": "Segamat",
        "State": "Johor"
    },
    {
        "Postcode": "85000",
        "Location": "Jalan Ismail",
        "Post_Office": "Segamat",
        "State": "Johor"
    },
    {
        "Postcode": "85000",
        "Location": "Jalan Sekolah",
        "Post_Office": "Segamat",
        "State": "Johor"
    },
    {
        "Postcode": "85000",
        "Location": "Taman Aman",
        "Post_Office": "Segamat",
        "State": "Johor"
    },
    {
        "Postcode": "85000",
        "Location": "Taman Berjaya",
        "Post_Office": "Segamat",
        "State": "Johor"
    },
    {
        "Postcode": "85000",
        "Location": "Taman Emas",
        "Post_Office": "Segamat",
        "State": "Johor"
    },
    {
        "Postcode": "85000",
        "Location": "Taman Melur",
        "Post_Office": "Segamat",
        "State": "Johor"
    },
    {
        "Postcode": "85000",
        "Location": "Taman Orkid",
        "Post_Office": "Segamat",
        "State": "Johor"
    },
    {
        "Postcode": "85000",
        "Location": "Taman Sri Indah",
        "Post_Office": "Segamat",
        "State": "Johor"
    },
    {
        "Postcode": "85000",
        "Location": "Taman Sri Jaya",
        "Post_Office": "Segamat",
        "State": "Johor"
    },
    {
        "Postcode": "85000",
        "Location": "Jalan Kolam Air",
        "Post_Office": "Segamat",
        "State": "Johor"
    },
    {
        "Postcode": "85000",
        "Location": "Jalan Merpati",
        "Post_Office": "Segamat",
        "State": "Johor"
    },
    {
        "Postcode": "85000",
        "Location": "Taman Kurnia",
        "Post_Office": "Segamat",
        "State": "Johor"
    },
    {
        "Postcode": "85000",
        "Location": "Taman Laksamana",
        "Post_Office": "Segamat",
        "State": "Johor"
    },
    {
        "Postcode": "85000",
        "Location": "Taman Makmur",
        "Post_Office": "Segamat",
        "State": "Johor"
    },
    {
        "Postcode": "85000",
        "Location": "Taman Permai",
        "Post_Office": "Segamat",
        "State": "Johor"
    },
    {
        "Postcode": "85000",
        "Location": "Taman Sri Bahagia",
        "Post_Office": "Segamat",
        "State": "Johor"
    },
    {
        "Postcode": "85000",
        "Location": "Taman Wijaya",
        "Post_Office": "Segamat",
        "State": "Johor"
    },
    {
        "Postcode": "85000",
        "Location": "Jalan Ahmad",
        "Post_Office": "Segamat",
        "State": "Johor"
    },
    {
        "Postcode": "85000",
        "Location": "Jalan Kekwa",
        "Post_Office": "Segamat",
        "State": "Johor"
    },
    {
        "Postcode": "85000",
        "Location": "Jalan Kiambang",
        "Post_Office": "Segamat",
        "State": "Johor"
    },
    {
        "Postcode": "85000",
        "Location": "Bandar Putra",
        "Post_Office": "Segamat",
        "State": "Johor"
    },
    {
        "Postcode": "85000",
        "Location": "Felcra Tebing Tinggi",
        "Post_Office": "Segamat",
        "State": "Johor"
    },
    {
        "Postcode": "85000",
        "Location": "Jalan Dato Wan Idris",
        "Post_Office": "Segamat",
        "State": "Johor"
    },
    {
        "Postcode": "85000",
        "Location": "Jalan Hassan",
        "Post_Office": "Segamat",
        "State": "Johor"
    },
    {
        "Postcode": "85000",
        "Location": "Jalan Helang",
        "Post_Office": "Segamat",
        "State": "Johor"
    },
    {
        "Postcode": "85000",
        "Location": "Jalan Meranti",
        "Post_Office": "Segamat",
        "State": "Johor"
    },
    {
        "Postcode": "85000",
        "Location": "Jalan Orkid",
        "Post_Office": "Segamat",
        "State": "Johor"
    },
    {
        "Postcode": "85000",
        "Location": "Jalan Tembusu",
        "Post_Office": "Segamat",
        "State": "Johor"
    },
    {
        "Postcode": "85000",
        "Location": "Kampung Melayu Raya",
        "Post_Office": "Segamat",
        "State": "Johor"
    },
    {
        "Postcode": "85000",
        "Location": "Kampung Padang Lalang",
        "Post_Office": "Segamat",
        "State": "Johor"
    },
    {
        "Postcode": "85000",
        "Location": "Kampung Sri Gading",
        "Post_Office": "Segamat",
        "State": "Johor"
    },
    {
        "Postcode": "85000",
        "Location": "Kampung Tenang",
        "Post_Office": "Segamat",
        "State": "Johor"
    },
    {
        "Postcode": "85000",
        "Location": "Taman Bendahara",
        "Post_Office": "Segamat",
        "State": "Johor"
    },
    {
        "Postcode": "85000",
        "Location": "Taman Bukit Indah",
        "Post_Office": "Segamat",
        "State": "Johor"
    },
    {
        "Postcode": "85000",
        "Location": "Taman Damai Jaya",
        "Post_Office": "Segamat",
        "State": "Johor"
    },
    {
        "Postcode": "85000",
        "Location": "Taman Indah Jaya",
        "Post_Office": "Segamat",
        "State": "Johor"
    },
    {
        "Postcode": "85000",
        "Location": "Taman Selesa",
        "Post_Office": "Segamat",
        "State": "Johor"
    },
    {
        "Postcode": "85000",
        "Location": "Taman Tasik",
        "Post_Office": "Segamat",
        "State": "Johor"
    },
    {
        "Postcode": "85000",
        "Location": "Kampung Sri Rahmat",
        "Post_Office": "Segamat",
        "State": "Johor"
    },
    {
        "Postcode": "85000",
        "Location": "Taman Seri Jenalin",
        "Post_Office": "Segamat",
        "State": "Johor"
    },
    {
        "Postcode": "85000",
        "Location": "Bandar 32",
        "Post_Office": "Segamat",
        "State": "Johor"
    },
    {
        "Postcode": "85000",
        "Location": "Bandar Utama",
        "Post_Office": "Segamat",
        "State": "Johor"
    },
    {
        "Postcode": "85000",
        "Location": "Bukit Limau Manis",
        "Post_Office": "Segamat",
        "State": "Johor"
    },
    {
        "Postcode": "85000",
        "Location": "Bukit Lintang",
        "Post_Office": "Segamat",
        "State": "Johor"
    },
    {
        "Postcode": "85000",
        "Location": "Bukit Mentuas",
        "Post_Office": "Segamat",
        "State": "Johor"
    },
    {
        "Postcode": "85000",
        "Location": "Bukit Pupuk",
        "Post_Office": "Segamat",
        "State": "Johor"
    },
    {
        "Postcode": "85000",
        "Location": "Bukit Senggir",
        "Post_Office": "Segamat",
        "State": "Johor"
    },
    {
        "Postcode": "85000",
        "Location": "Bukit Siput",
        "Post_Office": "Segamat",
        "State": "Johor"
    },
    {
        "Postcode": "85000",
        "Location": "Bukit Tangkong",
        "Post_Office": "Segamat",
        "State": "Johor"
    },
    {
        "Postcode": "85000",
        "Location": "Buluh Kasap",
        "Post_Office": "Segamat",
        "State": "Johor"
    },
    {
        "Postcode": "85000",
        "Location": "Felcra Sekijang",
        "Post_Office": "Segamat",
        "State": "Johor"
    },
    {
        "Postcode": "85000",
        "Location": "Felda Kemelah",
        "Post_Office": "Segamat",
        "State": "Johor"
    },
    {
        "Postcode": "85000",
        "Location": "Felda Medoi",
        "Post_Office": "Segamat",
        "State": "Johor"
    },
    {
        "Postcode": "85000",
        "Location": "Felda Pemanis",
        "Post_Office": "Segamat",
        "State": "Johor"
    },
    {
        "Postcode": "85000",
        "Location": "Felda Redong",
        "Post_Office": "Segamat",
        "State": "Johor"
    },
    {
        "Postcode": "85000",
        "Location": "Felda Sekijang",
        "Post_Office": "Segamat",
        "State": "Johor"
    },
    {
        "Postcode": "85000",
        "Location": "Gelang Chinchin",
        "Post_Office": "Segamat",
        "State": "Johor"
    },
    {
        "Postcode": "85000",
        "Location": "Jalan  Merbok",
        "Post_Office": "Segamat",
        "State": "Johor"
    },
    {
        "Postcode": "85000",
        "Location": "Jalan  Pawang",
        "Post_Office": "Segamat",
        "State": "Johor"
    },
    {
        "Postcode": "85000",
        "Location": "Jalan  Merbok",
        "Post_Office": "Segamat",
        "State": "Johor"
    },
    {
        "Postcode": "85000",
        "Location": "Jalan Abd. Aziz",
        "Post_Office": "Segamat",
        "State": "Johor"
    },
    {
        "Postcode": "85000",
        "Location": "Jalan Abd. Hamid",
        "Post_Office": "Segamat",
        "State": "Johor"
    },
    {
        "Postcode": "85000",
        "Location": "Jalan Abd. Rahman Musa",
        "Post_Office": "Segamat",
        "State": "Johor"
    },
    {
        "Postcode": "85000",
        "Location": "Jalan Alias Abu Bakar",
        "Post_Office": "Segamat",
        "State": "Johor"
    },
    {
        "Postcode": "85000",
        "Location": "Jalan Arshad",
        "Post_Office": "Segamat",
        "State": "Johor"
    },
    {
        "Postcode": "85000",
        "Location": "Jalan Awang",
        "Post_Office": "Segamat",
        "State": "Johor"
    },
    {
        "Postcode": "85000",
        "Location": "Jalan Batu Hampar",
        "Post_Office": "Segamat",
        "State": "Johor"
    },
    {
        "Postcode": "85000",
        "Location": "Jalan Bukit Lintang",
        "Post_Office": "Segamat",
        "State": "Johor"
    },
    {
        "Postcode": "85000",
        "Location": "Jalan Cengal",
        "Post_Office": "Segamat",
        "State": "Johor"
    },
    {
        "Postcode": "85000",
        "Location": "Jalan Chan Chin Foon",
        "Post_Office": "Segamat",
        "State": "Johor"
    },
    {
        "Postcode": "85000",
        "Location": "Jalan Chan Kok Tong",
        "Post_Office": "Segamat",
        "State": "Johor"
    },
    {
        "Postcode": "85000",
        "Location": "Jalan Chia Chin Koon",
        "Post_Office": "Segamat",
        "State": "Johor"
    },
    {
        "Postcode": "85000",
        "Location": "Jalan Cillah/Chong Hoy",
        "Post_Office": "Segamat",
        "State": "Johor"
    },
    {
        "Postcode": "85000",
        "Location": "Jalan Dato Keramat",
        "Post_Office": "Segamat",
        "State": "Johor"
    },
    {
        "Postcode": "85000",
        "Location": "Jalan Eng Lian Tong",
        "Post_Office": "Segamat",
        "State": "Johor"
    },
    {
        "Postcode": "85000",
        "Location": "Jalan Genuang",
        "Post_Office": "Segamat",
        "State": "Johor"
    },
    {
        "Postcode": "85000",
        "Location": "Jalan Haji",
        "Post_Office": "Segamat",
        "State": "Johor"
    },
    {
        "Postcode": "85000",
        "Location": "Jalan Haji Daud",
        "Post_Office": "Segamat",
        "State": "Johor"
    },
    {
        "Postcode": "85000",
        "Location": "Jalan Haji Mohd Noh",
        "Post_Office": "Segamat",
        "State": "Johor"
    },
    {
        "Postcode": "85000",
        "Location": "Jalan Hussin",
        "Post_Office": "Segamat",
        "State": "Johor"
    },
    {
        "Postcode": "85000",
        "Location": "Jalan Kecil",
        "Post_Office": "Segamat",
        "State": "Johor"
    },
    {
        "Postcode": "85000",
        "Location": "Jalan Leong Yong",
        "Post_Office": "Segamat",
        "State": "Johor"
    },
    {
        "Postcode": "85000",
        "Location": "Jalan Mentol",
        "Post_Office": "Segamat",
        "State": "Johor"
    },
    {
        "Postcode": "85000",
        "Location": "Jalan Muar Batu 7",
        "Post_Office": "Segamat",
        "State": "Johor"
    },
    {
        "Postcode": "85000",
        "Location": "Jalan Ooyub",
        "Post_Office": "Segamat",
        "State": "Johor"
    },
    {
        "Postcode": "85000",
        "Location": "Jalan Pawang",
        "Post_Office": "Segamat",
        "State": "Johor"
    },
    {
        "Postcode": "85000",
        "Location": "Jalan Pee Kang Hai",
        "Post_Office": "Segamat",
        "State": "Johor"
    },
    {
        "Postcode": "85000",
        "Location": "Jalan Pewira",
        "Post_Office": "Segamat",
        "State": "Johor"
    },
    {
        "Postcode": "85000",
        "Location": "Jalan Quek Kai Kee",
        "Post_Office": "Segamat",
        "State": "Johor"
    },
    {
        "Postcode": "85000",
        "Location": "Jalan Ros",
        "Post_Office": "Segamat",
        "State": "Johor"
    },
    {
        "Postcode": "85000",
        "Location": "Jalan Sastria",
        "Post_Office": "Segamat",
        "State": "Johor"
    },
    {
        "Postcode": "85000",
        "Location": "Jalan Soon Boon Seng",
        "Post_Office": "Segamat",
        "State": "Johor"
    },
    {
        "Postcode": "85000",
        "Location": "Jalan Sri Pulai",
        "Post_Office": "Segamat",
        "State": "Johor"
    },
    {
        "Postcode": "85000",
        "Location": "Jalan Sri Temenggong",
        "Post_Office": "Segamat",
        "State": "Johor"
    },
    {
        "Postcode": "85000",
        "Location": "Jalan Stesen",
        "Post_Office": "Segamat",
        "State": "Johor"
    },
    {
        "Postcode": "85000",
        "Location": "Jalan Sultan",
        "Post_Office": "Segamat",
        "State": "Johor"
    },
    {
        "Postcode": "85000",
        "Location": "Jalan Sungai Jenalim",
        "Post_Office": "Segamat",
        "State": "Johor"
    },
    {
        "Postcode": "85000",
        "Location": "Jalan Syed Abd Kadir",
        "Post_Office": "Segamat",
        "State": "Johor"
    },
    {
        "Postcode": "85000",
        "Location": "Jalan Tan Ah",
        "Post_Office": "Segamat",
        "State": "Johor"
    },
    {
        "Postcode": "85000",
        "Location": "Jalan Tan Siew Fun",
        "Post_Office": "Segamat",
        "State": "Johor"
    },
    {
        "Postcode": "85000",
        "Location": "Jalan Tan Siong Lian",
        "Post_Office": "Segamat",
        "State": "Johor"
    },
    {
        "Postcode": "85000",
        "Location": "Jalan Tenggara",
        "Post_Office": "Segamat",
        "State": "Johor"
    },
    {
        "Postcode": "85000",
        "Location": "Jalan Tengku Ahmad",
        "Post_Office": "Segamat",
        "State": "Johor"
    },
    {
        "Postcode": "85000",
        "Location": "Jalan Tey Ching Swee",
        "Post_Office": "Segamat",
        "State": "Johor"
    },
    {
        "Postcode": "85000",
        "Location": "Jalan Tiong Kwe Beng",
        "Post_Office": "Segamat",
        "State": "Johor"
    },
    {
        "Postcode": "85000",
        "Location": "Jalan West",
        "Post_Office": "Segamat",
        "State": "Johor"
    },
    {
        "Postcode": "85000",
        "Location": "Jalan Yeo Chan",
        "Post_Office": "Segamat",
        "State": "Johor"
    },
    {
        "Postcode": "85000",
        "Location": "Jalan Yusof Abd. Rahman",
        "Post_Office": "Segamat",
        "State": "Johor"
    },
    {
        "Postcode": "85000",
        "Location": "Jalan Zainal Abidin",
        "Post_Office": "Segamat",
        "State": "Johor"
    },
    {
        "Postcode": "85000",
        "Location": "Jalan Merbok",
        "Post_Office": "Segamat",
        "State": "Johor"
    },
    {
        "Postcode": "85000",
        "Location": "Jalanjaafar Hamid",
        "Post_Office": "Segamat",
        "State": "Johor"
    },
    {
        "Postcode": "85000",
        "Location": "Jalanlee Kay Hoh",
        "Post_Office": "Segamat",
        "State": "Johor"
    },
    {
        "Postcode": "85000",
        "Location": "Kampong Lembah Bakti",
        "Post_Office": "Segamat",
        "State": "Johor"
    },
    {
        "Postcode": "85000",
        "Location": "Kampong Paya Besar",
        "Post_Office": "Segamat",
        "State": "Johor"
    },
    {
        "Postcode": "85000",
        "Location": "Kampung  Paya Besar",
        "Post_Office": "Segamat",
        "State": "Johor"
    },
    {
        "Postcode": "85000",
        "Location": "Kampung  Paya Besar",
        "Post_Office": "Segamat",
        "State": "Johor"
    },
    {
        "Postcode": "85000",
        "Location": "Kampung Abdullah",
        "Post_Office": "Segamat",
        "State": "Johor"
    },
    {
        "Postcode": "85000",
        "Location": "Kampung Abdullah Samsu",
        "Post_Office": "Segamat",
        "State": "Johor"
    },
    {
        "Postcode": "85000",
        "Location": "Kampung Alai",
        "Post_Office": "Segamat",
        "State": "Johor"
    },
    {
        "Postcode": "85000",
        "Location": "Kampung Baru Pekan Jabi",
        "Post_Office": "Segamat",
        "State": "Johor"
    },
    {
        "Postcode": "85000",
        "Location": "Kampung Batu 5 ",
        "Post_Office": "Segamat",
        "State": "Johor"
    },
    {
        "Postcode": "85000",
        "Location": "Kampung Batu 8 ",
        "Post_Office": "Segamat",
        "State": "Johor"
    },
    {
        "Postcode": "85000",
        "Location": "Kampung Batu Badak",
        "Post_Office": "Segamat",
        "State": "Johor"
    },
    {
        "Postcode": "85000",
        "Location": "Kampung Batu Bakar",
        "Post_Office": "Segamat",
        "State": "Johor"
    },
    {
        "Postcode": "85000",
        "Location": "Kampung Batu Hampar",
        "Post_Office": "Segamat",
        "State": "Johor"
    },
    {
        "Postcode": "85000",
        "Location": "Kampung Berata",
        "Post_Office": "Segamat",
        "State": "Johor"
    },
    {
        "Postcode": "85000",
        "Location": "Kampung Bukit Cincin",
        "Post_Office": "Segamat",
        "State": "Johor"
    },
    {
        "Postcode": "85000",
        "Location": "Kampung Bukit Hampar",
        "Post_Office": "Segamat",
        "State": "Johor"
    },
    {
        "Postcode": "85000",
        "Location": "Kampung Bukit Limau Manis",
        "Post_Office": "Segamat",
        "State": "Johor"
    },
    {
        "Postcode": "85000",
        "Location": "Kampung Bukit Pupuk",
        "Post_Office": "Segamat",
        "State": "Johor"
    },
    {
        "Postcode": "85000",
        "Location": "Kampung Bukit Senggir",
        "Post_Office": "Segamat",
        "State": "Johor"
    },
    {
        "Postcode": "85000",
        "Location": "Kampung Bukit Tekong",
        "Post_Office": "Segamat",
        "State": "Johor"
    },
    {
        "Postcode": "85000",
        "Location": "Kampung Bukitseraya",
        "Post_Office": "Segamat",
        "State": "Johor"
    },
    {
        "Postcode": "85000",
        "Location": "Kampung Bumbun",
        "Post_Office": "Segamat",
        "State": "Johor"
    },
    {
        "Postcode": "85000",
        "Location": "Kampung Chabong",
        "Post_Office": "Segamat",
        "State": "Johor"
    },
    {
        "Postcode": "85000",
        "Location": "Kampung Chodan",
        "Post_Office": "Segamat",
        "State": "Johor"
    },
    {
        "Postcode": "85000",
        "Location": "Kampung Danau Panjang",
        "Post_Office": "Segamat",
        "State": "Johor"
    },
    {
        "Postcode": "85000",
        "Location": "Kampung Gelang Cincin",
        "Post_Office": "Segamat",
        "State": "Johor"
    },
    {
        "Postcode": "85000",
        "Location": "Kampung Gemereh",
        "Post_Office": "Segamat",
        "State": "Johor"
    },
    {
        "Postcode": "85000",
        "Location": "Kampung Genuang Baru",
        "Post_Office": "Segamat",
        "State": "Johor"
    },
    {
        "Postcode": "85000",
        "Location": "Kampung Gubah",
        "Post_Office": "Segamat",
        "State": "Johor"
    },
    {
        "Postcode": "85000",
        "Location": "Kampung Gudang Garam",
        "Post_Office": "Segamat",
        "State": "Johor"
    },
    {
        "Postcode": "85000",
        "Location": "Kampung Jabi",
        "Post_Office": "Segamat",
        "State": "Johor"
    },
    {
        "Postcode": "85000",
        "Location": "Kampung Kadut",
        "Post_Office": "Segamat",
        "State": "Johor"
    },
    {
        "Postcode": "85000",
        "Location": "Kampung Kenawar",
        "Post_Office": "Segamat",
        "State": "Johor"
    },
    {
        "Postcode": "85000",
        "Location": "Kampung Keratong Empat",
        "Post_Office": "Segamat",
        "State": "Johor"
    },
    {
        "Postcode": "85000",
        "Location": "Kampung Kong Sai",
        "Post_Office": "Segamat",
        "State": "Johor"
    },
    {
        "Postcode": "85000",
        "Location": "Kampung Kuala Paya",
        "Post_Office": "Segamat",
        "State": "Johor"
    },
    {
        "Postcode": "85000",
        "Location": "Kampung Kuala Tandong",
        "Post_Office": "Segamat",
        "State": "Johor"
    },
    {
        "Postcode": "85000",
        "Location": "Kampung Kuning Patah",
        "Post_Office": "Segamat",
        "State": "Johor"
    },
    {
        "Postcode": "85000",
        "Location": "Kampung Lembah Bakti",
        "Post_Office": "Segamat",
        "State": "Johor"
    },
    {
        "Postcode": "85000",
        "Location": "Kampung Logah",
        "Post_Office": "Segamat",
        "State": "Johor"
    },
    {
        "Postcode": "85000",
        "Location": "Kampung Lubok Selumor",
        "Post_Office": "Segamat",
        "State": "Johor"
    },
    {
        "Postcode": "85000",
        "Location": "Kampung Lubuk Batu",
        "Post_Office": "Segamat",
        "State": "Johor"
    },
    {
        "Postcode": "85000",
        "Location": "Kampung Lubuk Selumar",
        "Post_Office": "Segamat",
        "State": "Johor"
    },
    {
        "Postcode": "85000",
        "Location": "Kampung Mejanling",
        "Post_Office": "Segamat",
        "State": "Johor"
    },
    {
        "Postcode": "85000",
        "Location": "Kampung Melayu Bukit Siput",
        "Post_Office": "Segamat",
        "State": "Johor"
    },
    {
        "Postcode": "85000",
        "Location": "Kampung Mengkudu",
        "Post_Office": "Segamat",
        "State": "Johor"
    },
    {
        "Postcode": "85000",
        "Location": "Kampung Paya Lenga",
        "Post_Office": "Segamat",
        "State": "Johor"
    },
    {
        "Postcode": "85000",
        "Location": "Kampung Paya Pulai",
        "Post_Office": "Segamat",
        "State": "Johor"
    },
    {
        "Postcode": "85000",
        "Location": "Kampung Paya Terap",
        "Post_Office": "Segamat",
        "State": "Johor"
    },
    {
        "Postcode": "85000",
        "Location": "Kampung Pogoh",
        "Post_Office": "Segamat",
        "State": "Johor"
    },
    {
        "Postcode": "85000",
        "Location": "Kampung Rasau",
        "Post_Office": "Segamat",
        "State": "Johor"
    },
    {
        "Postcode": "85000",
        "Location": "Kampung Seberang",
        "Post_Office": "Segamat",
        "State": "Johor"
    },
    {
        "Postcode": "85000",
        "Location": "Kampung Sending",
        "Post_Office": "Segamat",
        "State": "Johor"
    },
    {
        "Postcode": "85000",
        "Location": "Kampung Sepinang",
        "Post_Office": "Segamat",
        "State": "Johor"
    },
    {
        "Postcode": "85000",
        "Location": "Kampung Serdang",
        "Post_Office": "Segamat",
        "State": "Johor"
    },
    {
        "Postcode": "85000",
        "Location": "Kampung Sermin",
        "Post_Office": "Segamat",
        "State": "Johor"
    },
    {
        "Postcode": "85000",
        "Location": "Kampung Simpang Jabi",
        "Post_Office": "Segamat",
        "State": "Johor"
    },
    {
        "Postcode": "85000",
        "Location": "Kampung Sri Dagang",
        "Post_Office": "Segamat",
        "State": "Johor"
    },
    {
        "Postcode": "85000",
        "Location": "Kampung Sri Pelangi",
        "Post_Office": "Segamat",
        "State": "Johor"
    },
    {
        "Postcode": "85000",
        "Location": "Kampung Sulir",
        "Post_Office": "Segamat",
        "State": "Johor"
    },
    {
        "Postcode": "85000",
        "Location": "Kampung Tahang Rimau",
        "Post_Office": "Segamat",
        "State": "Johor"
    },
    {
        "Postcode": "85000",
        "Location": "Kampung Tanah Banjir",
        "Post_Office": "Segamat",
        "State": "Johor"
    },
    {
        "Postcode": "85000",
        "Location": "Kampung Tandong",
        "Post_Office": "Segamat",
        "State": "Johor"
    },
    {
        "Postcode": "85000",
        "Location": "Kampung Tangga Batu",
        "Post_Office": "Segamat",
        "State": "Johor"
    },
    {
        "Postcode": "85000",
        "Location": "Kampung Tanjong Sengkawang",
        "Post_Office": "Segamat",
        "State": "Johor"
    },
    {
        "Postcode": "85000",
        "Location": "Kampung Tanjos",
        "Post_Office": "Segamat",
        "State": "Johor"
    },
    {
        "Postcode": "85000",
        "Location": "Kampung Tasek",
        "Post_Office": "Segamat",
        "State": "Johor"
    },
    {
        "Postcode": "85000",
        "Location": "Kampung Tasek Kampung Jawa",
        "Post_Office": "Segamat",
        "State": "Johor"
    },
    {
        "Postcode": "85000",
        "Location": "Kampung Tebing Tinggi",
        "Post_Office": "Segamat",
        "State": "Johor"
    },
    {
        "Postcode": "85000",
        "Location": "Kampung Tekam",
        "Post_Office": "Segamat",
        "State": "Johor"
    },
    {
        "Postcode": "85000",
        "Location": "Kampung Teluk Kelubi",
        "Post_Office": "Segamat",
        "State": "Johor"
    },
    {
        "Postcode": "85000",
        "Location": "Kampung Tengah (New Village)",
        "Post_Office": "Segamat",
        "State": "Johor"
    },
    {
        "Postcode": "85000",
        "Location": "Kampung Tungku",
        "Post_Office": "Segamat",
        "State": "Johor"
    },
    {
        "Postcode": "85000",
        "Location": "Kampung Veeran",
        "Post_Office": "Segamat",
        "State": "Johor"
    },
    {
        "Postcode": "85000",
        "Location": "Kampung Paya Besar",
        "Post_Office": "Segamat",
        "State": "Johor"
    },
    {
        "Postcode": "85000",
        "Location": "Kawasan Perindustrian",
        "Post_Office": "Segamat",
        "State": "Johor"
    },
    {
        "Postcode": "85000",
        "Location": "Kawasan Perindustrian Segamat Ii",
        "Post_Office": "Segamat",
        "State": "Johor"
    },
    {
        "Postcode": "85000",
        "Location": "Lorong Kit Siong Ann",
        "Post_Office": "Segamat",
        "State": "Johor"
    },
    {
        "Postcode": "85000",
        "Location": "Padang Lalang",
        "Post_Office": "Segamat",
        "State": "Johor"
    },
    {
        "Postcode": "85000",
        "Location": "Paya Besar",
        "Post_Office": "Segamat",
        "State": "Johor"
    },
    {
        "Postcode": "85000",
        "Location": "Pekan Tenang",
        "Post_Office": "Segamat",
        "State": "Johor"
    },
    {
        "Postcode": "85000",
        "Location": "Rumah Kilat",
        "Post_Office": "Segamat",
        "State": "Johor"
    },
    {
        "Postcode": "85000",
        "Location": "Rumah Rakyat Bukit Siput",
        "Post_Office": "Segamat",
        "State": "Johor"
    },
    {
        "Postcode": "85000",
        "Location": "Rumah Rakyat Buloh Kasap",
        "Post_Office": "Segamat",
        "State": "Johor"
    },
    {
        "Postcode": "85000",
        "Location": "Segamat",
        "Post_Office": "Segamat",
        "State": "Johor"
    },
    {
        "Postcode": "85000",
        "Location": "Segamat Baru",
        "Post_Office": "Segamat",
        "State": "Johor"
    },
    {
        "Postcode": "85000",
        "Location": "Sepinang",
        "Post_Office": "Segamat",
        "State": "Johor"
    },
    {
        "Postcode": "85000",
        "Location": "Sermin",
        "Post_Office": "Segamat",
        "State": "Johor"
    },
    {
        "Postcode": "85000",
        "Location": "Simpang Jabi",
        "Post_Office": "Segamat",
        "State": "Johor"
    },
    {
        "Postcode": "85000",
        "Location": "Simpang Lebuhraya Segamat - Kuantan",
        "Post_Office": "Segamat",
        "State": "Johor"
    },
    {
        "Postcode": "85000",
        "Location": "Taman  Emas",
        "Post_Office": "Segamat",
        "State": "Johor"
    },
    {
        "Postcode": "85000",
        "Location": "Taman Astaka",
        "Post_Office": "Segamat",
        "State": "Johor"
    },
    {
        "Postcode": "85000",
        "Location": "Taman Bukit Baru",
        "Post_Office": "Segamat",
        "State": "Johor"
    },
    {
        "Postcode": "85000",
        "Location": "Taman Bukit Hampar",
        "Post_Office": "Segamat",
        "State": "Johor"
    },
    {
        "Postcode": "85000",
        "Location": "Taman Bukit Makmur",
        "Post_Office": "Segamat",
        "State": "Johor"
    },
    {
        "Postcode": "85000",
        "Location": "Taman Bukit Siput",
        "Post_Office": "Segamat",
        "State": "Johor"
    },
    {
        "Postcode": "85000",
        "Location": "Taman Buluh Kasap",
        "Post_Office": "Segamat",
        "State": "Johor"
    },
    {
        "Postcode": "85000",
        "Location": "Taman Chabong ",
        "Post_Office": "Segamat",
        "State": "Johor"
    },
    {
        "Postcode": "85000",
        "Location": "Taman Chew Loi",
        "Post_Office": "Segamat",
        "State": "Johor"
    },
    {
        "Postcode": "85000",
        "Location": "Taman Desa Wawasan",
        "Post_Office": "Segamat",
        "State": "Johor"
    },
    {
        "Postcode": "85000",
        "Location": "Taman Eastern",
        "Post_Office": "Segamat",
        "State": "Johor"
    },
    {
        "Postcode": "85000",
        "Location": "Taman Fong Jang ",
        "Post_Office": "Segamat",
        "State": "Johor"
    },
    {
        "Postcode": "85000",
        "Location": "Taman Gemereh",
        "Post_Office": "Segamat",
        "State": "Johor"
    },
    {
        "Postcode": "85000",
        "Location": "Taman Gubah",
        "Post_Office": "Segamat",
        "State": "Johor"
    },
    {
        "Postcode": "85000",
        "Location": "Taman Gunung Tahan",
        "Post_Office": "Segamat",
        "State": "Johor"
    },
    {
        "Postcode": "85000",
        "Location": "Taman Harimau",
        "Post_Office": "Segamat",
        "State": "Johor"
    },
    {
        "Postcode": "85000",
        "Location": "Taman Hijau",
        "Post_Office": "Segamat",
        "State": "Johor"
    },
    {
        "Postcode": "85000",
        "Location": "Taman Ioi",
        "Post_Office": "Segamat",
        "State": "Johor"
    },
    {
        "Postcode": "85000",
        "Location": "Taman Istahar",
        "Post_Office": "Segamat",
        "State": "Johor"
    },
    {
        "Postcode": "85000",
        "Location": "Taman Jabi",
        "Post_Office": "Segamat",
        "State": "Johor"
    },
    {
        "Postcode": "85000",
        "Location": "Taman Jenalin",
        "Post_Office": "Segamat",
        "State": "Johor"
    },
    {
        "Postcode": "85000",
        "Location": "Taman Kasturi",
        "Post_Office": "Segamat",
        "State": "Johor"
    },
    {
        "Postcode": "85000",
        "Location": "Taman Kekwa",
        "Post_Office": "Segamat",
        "State": "Johor"
    },
    {
        "Postcode": "85000",
        "Location": "Taman Kemawan",
        "Post_Office": "Segamat",
        "State": "Johor"
    },
    {
        "Postcode": "85000",
        "Location": "Taman Koh Cheng San",
        "Post_Office": "Segamat",
        "State": "Johor"
    },
    {
        "Postcode": "85000",
        "Location": "Taman Maryani",
        "Post_Office": "Segamat",
        "State": "Johor"
    },
    {
        "Postcode": "85000",
        "Location": "Taman Mentari",
        "Post_Office": "Segamat",
        "State": "Johor"
    },
    {
        "Postcode": "85000",
        "Location": "Taman Minda",
        "Post_Office": "Segamat",
        "State": "Johor"
    },
    {
        "Postcode": "85000",
        "Location": "Taman Murai",
        "Post_Office": "Segamat",
        "State": "Johor"
    },
    {
        "Postcode": "85000",
        "Location": "Taman Nahar",
        "Post_Office": "Segamat",
        "State": "Johor"
    },
    {
        "Postcode": "85000",
        "Location": "Taman Penawar",
        "Post_Office": "Segamat",
        "State": "Johor"
    },
    {
        "Postcode": "85000",
        "Location": "Taman Pewana",
        "Post_Office": "Segamat",
        "State": "Johor"
    },
    {
        "Postcode": "85000",
        "Location": "Taman Segamat",
        "Post_Office": "Segamat",
        "State": "Johor"
    },
    {
        "Postcode": "85000",
        "Location": "Taman Segamat Baru",
        "Post_Office": "Segamat",
        "State": "Johor"
    },
    {
        "Postcode": "85000",
        "Location": "Taman Segamat Indah",
        "Post_Office": "Segamat",
        "State": "Johor"
    },
    {
        "Postcode": "85000",
        "Location": "Taman Segamat Jaya",
        "Post_Office": "Segamat",
        "State": "Johor"
    },
    {
        "Postcode": "85000",
        "Location": "Taman Segar",
        "Post_Office": "Segamat",
        "State": "Johor"
    },
    {
        "Postcode": "85000",
        "Location": "Taman Serdang",
        "Post_Office": "Segamat",
        "State": "Johor"
    },
    {
        "Postcode": "85000",
        "Location": "Taman Seri Kolam",
        "Post_Office": "Segamat",
        "State": "Johor"
    },
    {
        "Postcode": "85000",
        "Location": "Taman Sia Her Yam",
        "Post_Office": "Segamat",
        "State": "Johor"
    },
    {
        "Postcode": "85000",
        "Location": "Taman Sri Hampar",
        "Post_Office": "Segamat",
        "State": "Johor"
    },
    {
        "Postcode": "85000",
        "Location": "Taman Sri Maamar",
        "Post_Office": "Segamat",
        "State": "Johor"
    },
    {
        "Postcode": "85000",
        "Location": "Taman Sri Makmur",
        "Post_Office": "Segamat",
        "State": "Johor"
    },
    {
        "Postcode": "85000",
        "Location": "Taman Sri Medoi",
        "Post_Office": "Segamat",
        "State": "Johor"
    },
    {
        "Postcode": "85000",
        "Location": "Taman Sri Pelangi 2",
        "Post_Office": "Segamat",
        "State": "Johor"
    },
    {
        "Postcode": "85000",
        "Location": "Taman Sulir",
        "Post_Office": "Segamat",
        "State": "Johor"
    },
    {
        "Postcode": "85000",
        "Location": "Taman Sutera 2",
        "Post_Office": "Segamat",
        "State": "Johor"
    },
    {
        "Postcode": "85000",
        "Location": "Taman Tan Leng Ann",
        "Post_Office": "Segamat",
        "State": "Johor"
    },
    {
        "Postcode": "85000",
        "Location": "Taman Temenggong",
        "Post_Office": "Segamat",
        "State": "Johor"
    },
    {
        "Postcode": "85000",
        "Location": "Taman Tenang",
        "Post_Office": "Segamat",
        "State": "Johor"
    },
    {
        "Postcode": "85000",
        "Location": "Taman Tunas",
        "Post_Office": "Segamat",
        "State": "Johor"
    },
    {
        "Postcode": "85000",
        "Location": "Taman Yayasan",
        "Post_Office": "Segamat",
        "State": "Johor"
    },
    {
        "Postcode": "85000",
        "Location": "Taman Yew Ngee",
        "Post_Office": "Segamat",
        "State": "Johor"
    },
    {
        "Postcode": "85000",
        "Location": "Tenang",
        "Post_Office": "Segamat",
        "State": "Johor"
    },
    {
        "Postcode": "85000",
        "Location": "Tenang Station",
        "Post_Office": "Segamat",
        "State": "Johor"
    },
    {
        "Postcode": "85000",
        "Location": "Tungku Tiga",
        "Post_Office": "Segamat",
        "State": "Johor"
    },
    {
        "Postcode": "85000",
        "Location": "Uitm Segamat",
        "Post_Office": "Segamat",
        "State": "Johor"
    },
    {
        "Postcode": "85000",
        "Location": "Taman Astaka Jaya",
        "Post_Office": "Segamat",
        "State": "Johor"
    },
    {
        "Postcode": "85000",
        "Location": "Taman Sedeng",
        "Post_Office": "Segamat",
        "State": "Johor"
    },
    {
        "Postcode": "85000",
        "Location": "Taman Sri Seruling",
        "Post_Office": "Segamat",
        "State": "Johor"
    },
    {
        "Postcode": "85000",
        "Location": "Jalan Payung Kelulut",
        "Post_Office": "Segamat",
        "State": "Johor"
    },
    {
        "Postcode": "85000",
        "Location": "Jalan Melor 1",
        "Post_Office": "Segamat",
        "State": "Johor"
    },
    {
        "Postcode": "85000",
        "Location": "Jalan Melor 2",
        "Post_Office": "Segamat",
        "State": "Johor"
    },
    {
        "Postcode": "85000",
        "Location": "Jalan Melor 3",
        "Post_Office": "Segamat",
        "State": "Johor"
    },
    {
        "Postcode": "85000",
        "Location": "Jalan Murai",
        "Post_Office": "Segamat",
        "State": "Johor"
    },
    {
        "Postcode": "85000",
        "Location": "Jalan Aman Jaya 1",
        "Post_Office": "Segamat",
        "State": "Johor"
    },
    {
        "Postcode": "85000",
        "Location": "Jalan Aman Jaya 2",
        "Post_Office": "Segamat",
        "State": "Johor"
    },
    {
        "Postcode": "85000",
        "Location": "Jalan Aman Jaya 3",
        "Post_Office": "Segamat",
        "State": "Johor"
    },
    {
        "Postcode": "85000",
        "Location": "Jalan Aman Jaya 4",
        "Post_Office": "Segamat",
        "State": "Johor"
    },
    {
        "Postcode": "85000",
        "Location": "Jalan Aman Jaya 5",
        "Post_Office": "Segamat",
        "State": "Johor"
    },
    {
        "Postcode": "85000",
        "Location": "Taman Aman Jaya",
        "Post_Office": "Segamat",
        "State": "Johor"
    },
    {
        "Postcode": "85000",
        "Location": "Jalan Pesona 1",
        "Post_Office": "Segamat",
        "State": "Johor"
    },
    {
        "Postcode": "85000",
        "Location": "Taman Pesona",
        "Post_Office": "Segamat",
        "State": "Johor"
    },
    {
        "Postcode": "85000",
        "Location": "Bandar Utama Batang Kali",
        "Post_Office": "Segamat",
        "State": "Johor"
    },
    {
        "Postcode": "85000",
        "Location": "Felda Kamelah",
        "Post_Office": "Segamat",
        "State": "Johor"
    },
    {
        "Postcode": "85000",
        "Location": "Felda Pemanis 1",
        "Post_Office": "Segamat",
        "State": "Johor"
    },
    {
        "Postcode": "85000",
        "Location": "Felda Pemanis 2",
        "Post_Office": "Segamat",
        "State": "Johor"
    },
    {
        "Postcode": "85000",
        "Location": "Kampung Alai Dalam",
        "Post_Office": "Segamat",
        "State": "Johor"
    },
    {
        "Postcode": "85000",
        "Location": "Kampung Bandar Baru",
        "Post_Office": "Segamat",
        "State": "Johor"
    },
    {
        "Postcode": "85000",
        "Location": "Kampung Baru Pekan Jambi",
        "Post_Office": "Segamat",
        "State": "Johor"
    },
    {
        "Postcode": "85000",
        "Location": "Kampung Batu Badak Batu 3 1/2",
        "Post_Office": "Segamat",
        "State": "Johor"
    },
    {
        "Postcode": "85000",
        "Location": "Kampung Batu Badak Batu 3 1/4",
        "Post_Office": "Segamat",
        "State": "Johor"
    },
    {
        "Postcode": "85000",
        "Location": "Kampung Batu Badak Batu 4 1/4",
        "Post_Office": "Segamat",
        "State": "Johor"
    },
    {
        "Postcode": "85000",
        "Location": "Kampung Batu Lima",
        "Post_Office": "Segamat",
        "State": "Johor"
    },
    {
        "Postcode": "85000",
        "Location": "Kampung Bukit Gelang Cincin",
        "Post_Office": "Segamat",
        "State": "Johor"
    },
    {
        "Postcode": "85000",
        "Location": "Kampung Bukit Kemas",
        "Post_Office": "Segamat",
        "State": "Johor"
    },
    {
        "Postcode": "85000",
        "Location": "Kampung Bukit Siput",
        "Post_Office": "Segamat",
        "State": "Johor"
    },
    {
        "Postcode": "85000",
        "Location": "Kampung Bukit Tongkang",
        "Post_Office": "Segamat",
        "State": "Johor"
    },
    {
        "Postcode": "85000",
        "Location": "Kampung Bumbun Jabi",
        "Post_Office": "Segamat",
        "State": "Johor"
    },
    {
        "Postcode": "85000",
        "Location": "Kampung Codan Pogoh",
        "Post_Office": "Segamat",
        "State": "Johor"
    },
    {
        "Postcode": "85000",
        "Location": "Kampung Gemereh Batu 2 1/2",
        "Post_Office": "Segamat",
        "State": "Johor"
    },
    {
        "Postcode": "85000",
        "Location": "Kampung Jawa Batu 1",
        "Post_Office": "Segamat",
        "State": "Johor"
    },
    {
        "Postcode": "85000",
        "Location": "Kampung Jawa Batu 2",
        "Post_Office": "Segamat",
        "State": "Johor"
    },
    {
        "Postcode": "85000",
        "Location": "Kampung Jawa Batu 3",
        "Post_Office": "Segamat",
        "State": "Johor"
    },
    {
        "Postcode": "85000",
        "Location": "Kampung Kadut Batu 2 1/2",
        "Post_Office": "Segamat",
        "State": "Johor"
    },
    {
        "Postcode": "85000",
        "Location": "Kampung Kuala Tandung",
        "Post_Office": "Segamat",
        "State": "Johor"
    },
    {
        "Postcode": "85000",
        "Location": "Kampung Kuing Patah",
        "Post_Office": "Segamat",
        "State": "Johor"
    },
    {
        "Postcode": "85000",
        "Location": "Kampung Lubuk Batu 1",
        "Post_Office": "Segamat",
        "State": "Johor"
    },
    {
        "Postcode": "85000",
        "Location": "Kampung Lubuk Batu 2",
        "Post_Office": "Segamat",
        "State": "Johor"
    },
    {
        "Postcode": "85000",
        "Location": "Kampung Lubuk Selumor",
        "Post_Office": "Segamat",
        "State": "Johor"
    },
    {
        "Postcode": "85000",
        "Location": "Kampung Mejangling",
        "Post_Office": "Segamat",
        "State": "Johor"
    },
    {
        "Postcode": "85000",
        "Location": "Kampung Mentaus",
        "Post_Office": "Segamat",
        "State": "Johor"
    },
    {
        "Postcode": "85000",
        "Location": "Kampung Muring Sepinang",
        "Post_Office": "Segamat",
        "State": "Johor"
    },
    {
        "Postcode": "85000",
        "Location": "Kampung Pogoh Ii",
        "Post_Office": "Segamat",
        "State": "Johor"
    },
    {
        "Postcode": "85000",
        "Location": "Kampung Seberang Stesen",
        "Post_Office": "Segamat",
        "State": "Johor"
    },
    {
        "Postcode": "85000",
        "Location": "Kampung Sedeng",
        "Post_Office": "Segamat",
        "State": "Johor"
    },
    {
        "Postcode": "85000",
        "Location": "Kampung Sending 2",
        "Post_Office": "Segamat",
        "State": "Johor"
    },
    {
        "Postcode": "85000",
        "Location": "Kampung Sermin Jabi",
        "Post_Office": "Segamat",
        "State": "Johor"
    },
    {
        "Postcode": "85000",
        "Location": "Kampung Tandung",
        "Post_Office": "Segamat",
        "State": "Johor"
    },
    {
        "Postcode": "85000",
        "Location": "Kampung Tasik Alai",
        "Post_Office": "Segamat",
        "State": "Johor"
    },
    {
        "Postcode": "85000",
        "Location": "Kampung Tengah Segamat",
        "Post_Office": "Segamat",
        "State": "Johor"
    },
    {
        "Postcode": "85000",
        "Location": "Kampung Tonjos",
        "Post_Office": "Segamat",
        "State": "Johor"
    },
    {
        "Postcode": "85000",
        "Location": "Kampung Tungku 3",
        "Post_Office": "Segamat",
        "State": "Johor"
    },
    {
        "Postcode": "85000",
        "Location": "Ladang Labis Bahru",
        "Post_Office": "Segamat",
        "State": "Johor"
    },
    {
        "Postcode": "85000",
        "Location": "Pekan Jabi",
        "Post_Office": "Segamat",
        "State": "Johor"
    },
    {
        "Postcode": "85000",
        "Location": "Pekan Jabi Lama Batu 2 1/2",
        "Post_Office": "Segamat",
        "State": "Johor"
    },
    {
        "Postcode": "85000",
        "Location": "Pekan Sulir Jaya",
        "Post_Office": "Segamat",
        "State": "Johor"
    },
    {
        "Postcode": "85000",
        "Location": "Perindustrian Bistari 4",
        "Post_Office": "Segamat",
        "State": "Johor"
    },
    {
        "Postcode": "85000",
        "Location": "Perumahan Murah  Buluh Kasap",
        "Post_Office": "Segamat",
        "State": "Johor"
    },
    {
        "Postcode": "85000",
        "Location": "Rumah Murah Kampung Kuala Paya",
        "Post_Office": "Segamat",
        "State": "Johor"
    },
    {
        "Postcode": "85000",
        "Location": "Rumah Rakyat Fasa 2",
        "Post_Office": "Segamat",
        "State": "Johor"
    },
    {
        "Postcode": "85000",
        "Location": "Taman Abdullah",
        "Post_Office": "Segamat",
        "State": "Johor"
    },
    {
        "Postcode": "85000",
        "Location": "Taman Akasia",
        "Post_Office": "Segamat",
        "State": "Johor"
    },
    {
        "Postcode": "85000",
        "Location": "Taman Aur",
        "Post_Office": "Segamat",
        "State": "Johor"
    },
    {
        "Postcode": "85000",
        "Location": "Taman Batu Hampar",
        "Post_Office": "Segamat",
        "State": "Johor"
    },
    {
        "Postcode": "85000",
        "Location": "Taman Bukit Indah Fasa 2",
        "Post_Office": "Segamat",
        "State": "Johor"
    },
    {
        "Postcode": "85000",
        "Location": "Taman Chin Weh",
        "Post_Office": "Segamat",
        "State": "Johor"
    },
    {
        "Postcode": "85000",
        "Location": "Taman Genuang Perdana",
        "Post_Office": "Segamat",
        "State": "Johor"
    },
    {
        "Postcode": "85000",
        "Location": "Taman Jenalim",
        "Post_Office": "Segamat",
        "State": "Johor"
    },
    {
        "Postcode": "85000",
        "Location": "Taman Jenalim 2",
        "Post_Office": "Segamat",
        "State": "Johor"
    },
    {
        "Postcode": "85000",
        "Location": "Taman Jenalim 3",
        "Post_Office": "Segamat",
        "State": "Johor"
    },
    {
        "Postcode": "85000",
        "Location": "Taman Mariani",
        "Post_Office": "Segamat",
        "State": "Johor"
    },
    {
        "Postcode": "85000",
        "Location": "Taman Mega Jaya",
        "Post_Office": "Segamat",
        "State": "Johor"
    },
    {
        "Postcode": "85000",
        "Location": "Taman Mida",
        "Post_Office": "Segamat",
        "State": "Johor"
    },
    {
        "Postcode": "85000",
        "Location": "Taman Mida 2",
        "Post_Office": "Segamat",
        "State": "Johor"
    },
    {
        "Postcode": "85000",
        "Location": "Taman Pawana",
        "Post_Office": "Segamat",
        "State": "Johor"
    },
    {
        "Postcode": "85000",
        "Location": "Taman Permai Jaya",
        "Post_Office": "Segamat",
        "State": "Johor"
    },
    {
        "Postcode": "85000",
        "Location": "Taman Seruling",
        "Post_Office": "Segamat",
        "State": "Johor"
    },
    {
        "Postcode": "85000",
        "Location": "Taman Sri Bintang",
        "Post_Office": "Segamat",
        "State": "Johor"
    },
    {
        "Postcode": "85000",
        "Location": "Taman Sri Kemawan",
        "Post_Office": "Segamat",
        "State": "Johor"
    },
    {
        "Postcode": "85000",
        "Location": "Taman Sri Permai Fasa 2",
        "Post_Office": "Segamat",
        "State": "Johor"
    },
    {
        "Postcode": "85000",
        "Location": "Taman Sri Waja",
        "Post_Office": "Segamat",
        "State": "Johor"
    },
    {
        "Postcode": "85000",
        "Location": "Taman Station",
        "Post_Office": "Segamat",
        "State": "Johor"
    },
    {
        "Postcode": "85000",
        "Location": "Taman Tang Lin Ann",
        "Post_Office": "Segamat",
        "State": "Johor"
    },
    {
        "Postcode": "85000",
        "Location": "Taman Tasekolah",
        "Post_Office": "Segamat",
        "State": "Johor"
    },
    {
        "Postcode": "85000",
        "Location": "Taman Tenggara",
        "Post_Office": "Segamat",
        "State": "Johor"
    },
    {
        "Postcode": "85000",
        "Location": "Taman Yayasan 5A",
        "Post_Office": "Segamat",
        "State": "Johor"
    },
    {
        "Postcode": "85000",
        "Location": "Jalan Puyoh",
        "Post_Office": "Segamat",
        "State": "Johor"
    },
    {
        "Postcode": "85000",
        "Location": "Jalan Punai",
        "Post_Office": "Segamat",
        "State": "Johor"
    },
    {
        "Postcode": "85000",
        "Location": "Jalan Salim",
        "Post_Office": "Segamat",
        "State": "Johor"
    },
    {
        "Postcode": "85000",
        "Location": "Jalan Serindit",
        "Post_Office": "Segamat",
        "State": "Johor"
    },
    {
        "Postcode": "85000",
        "Location": "Jalan Tasek",
        "Post_Office": "Segamat",
        "State": "Johor"
    },
    {
        "Postcode": "85000",
        "Location": "Jalan Tepi Sungai",
        "Post_Office": "Segamat",
        "State": "Johor"
    },
    {
        "Postcode": "85000",
        "Location": "Jalan Tiong",
        "Post_Office": "Segamat",
        "State": "Johor"
    },
    {
        "Postcode": "85000",
        "Location": "Kampung Batu 7 ",
        "Post_Office": "Segamat",
        "State": "Johor"
    },
    {
        "Postcode": "85000",
        "Location": "Kampung Sanglang",
        "Post_Office": "Segamat",
        "State": "Johor"
    },
    {
        "Postcode": "85000",
        "Location": "Perumahan Rakyat",
        "Post_Office": "Segamat",
        "State": "Johor"
    },
    {
        "Postcode": "85000",
        "Location": "Taman Bukit Jaya",
        "Post_Office": "Segamat",
        "State": "Johor"
    },
    {
        "Postcode": "85000",
        "Location": "Taman Ceria",
        "Post_Office": "Segamat",
        "State": "Johor"
    },
    {
        "Postcode": "85000",
        "Location": "Taman Impian Emas",
        "Post_Office": "Segamat",
        "State": "Johor"
    },
    {
        "Postcode": "85000",
        "Location": "Taman Perkasa",
        "Post_Office": "Segamat",
        "State": "Johor"
    },
    {
        "Postcode": "85000",
        "Location": "Taman Rebana",
        "Post_Office": "Segamat",
        "State": "Johor"
    },
    {
        "Postcode": "85000",
        "Location": "Taman Sri Sutera",
        "Post_Office": "Segamat",
        "State": "Johor"
    },
    {
        "Postcode": "85000",
        "Location": "Jalan Padang Lalang",
        "Post_Office": "Segamat",
        "State": "Johor"
    },
    {
        "Postcode": "85000",
        "Location": "Jalan Temenggong",
        "Post_Office": "Segamat",
        "State": "Johor"
    },
    {
        "Postcode": "85000",
        "Location": "Jalan Terkukur",
        "Post_Office": "Segamat",
        "State": "Johor"
    },
    {
        "Postcode": "85000",
        "Location": "Kampung Baru",
        "Post_Office": "Segamat",
        "State": "Johor"
    },
    {
        "Postcode": "85000",
        "Location": "Kampung Baru Cina",
        "Post_Office": "Segamat",
        "State": "Johor"
    },
    {
        "Postcode": "85000",
        "Location": "Kampung Bukit Lintang",
        "Post_Office": "Segamat",
        "State": "Johor"
    },
    {
        "Postcode": "85000",
        "Location": "Kampung Contoh",
        "Post_Office": "Segamat",
        "State": "Johor"
    },
    {
        "Postcode": "85000",
        "Location": "Kampung Durian Daun",
        "Post_Office": "Segamat",
        "State": "Johor"
    },
    {
        "Postcode": "85000",
        "Location": "Kampung Jawa",
        "Post_Office": "Segamat",
        "State": "Johor"
    },
    {
        "Postcode": "85000",
        "Location": "Kampung Kuari",
        "Post_Office": "Segamat",
        "State": "Johor"
    },
    {
        "Postcode": "85000",
        "Location": "Kampung Melayu",
        "Post_Office": "Segamat",
        "State": "Johor"
    },
    {
        "Postcode": "85000",
        "Location": "Kampung Paya Dalam",
        "Post_Office": "Segamat",
        "State": "Johor"
    },
    {
        "Postcode": "85000",
        "Location": "Kampung Tengah",
        "Post_Office": "Segamat",
        "State": "Johor"
    },
    {
        "Postcode": "85000",
        "Location": "Taman Bahagia",
        "Post_Office": "Segamat",
        "State": "Johor"
    },
    {
        "Postcode": "85000",
        "Location": "Taman Bunga Raya",
        "Post_Office": "Segamat",
        "State": "Johor"
    },
    {
        "Postcode": "85000",
        "Location": "Taman Desa",
        "Post_Office": "Segamat",
        "State": "Johor"
    },
    {
        "Postcode": "85000",
        "Location": "Taman Fajar",
        "Post_Office": "Segamat",
        "State": "Johor"
    },
    {
        "Postcode": "85000",
        "Location": "Taman Indah",
        "Post_Office": "Segamat",
        "State": "Johor"
    },
    {
        "Postcode": "85000",
        "Location": "Taman Intan",
        "Post_Office": "Segamat",
        "State": "Johor"
    },
    {
        "Postcode": "85000",
        "Location": "Taman Mas",
        "Post_Office": "Segamat",
        "State": "Johor"
    },
    {
        "Postcode": "85000",
        "Location": "Taman Mawar",
        "Post_Office": "Segamat",
        "State": "Johor"
    },
    {
        "Postcode": "85000",
        "Location": "Taman Mewah",
        "Post_Office": "Segamat",
        "State": "Johor"
    },
    {
        "Postcode": "85000",
        "Location": "Taman Muhibbah",
        "Post_Office": "Segamat",
        "State": "Johor"
    },
    {
        "Postcode": "85000",
        "Location": "Taman Murni",
        "Post_Office": "Segamat",
        "State": "Johor"
    },
    {
        "Postcode": "85000",
        "Location": "Taman Pelangi",
        "Post_Office": "Segamat",
        "State": "Johor"
    },
    {
        "Postcode": "85000",
        "Location": "Taman Perdana",
        "Post_Office": "Segamat",
        "State": "Johor"
    },
    {
        "Postcode": "85000",
        "Location": "Taman Perling",
        "Post_Office": "Segamat",
        "State": "Johor"
    },
    {
        "Postcode": "85000",
        "Location": "Taman Ria",
        "Post_Office": "Segamat",
        "State": "Johor"
    },
    {
        "Postcode": "85000",
        "Location": "Taman Sejati",
        "Post_Office": "Segamat",
        "State": "Johor"
    },
    {
        "Postcode": "85000",
        "Location": "Taman Sri Cahaya",
        "Post_Office": "Segamat",
        "State": "Johor"
    },
    {
        "Postcode": "85000",
        "Location": "Taman Sri Permai",
        "Post_Office": "Segamat",
        "State": "Johor"
    },
    {
        "Postcode": "85000",
        "Location": "Taman Sutera",
        "Post_Office": "Segamat",
        "State": "Johor"
    },
    {
        "Postcode": "85000",
        "Location": "Taman Bintang",
        "Post_Office": "Segamat",
        "State": "Johor"
    },
    {
        "Postcode": "85000",
        "Location": "Taman Cempaka",
        "Post_Office": "Segamat",
        "State": "Johor"
    },
    {
        "Postcode": "85000",
        "Location": "Taman Mega",
        "Post_Office": "Segamat",
        "State": "Johor"
    },
    {
        "Postcode": "85000",
        "Location": "Taman Mutiara",
        "Post_Office": "Segamat",
        "State": "Johor"
    },
    {
        "Postcode": "85000",
        "Location": "Taman Ros",
        "Post_Office": "Segamat",
        "State": "Johor"
    },
    {
        "Postcode": "85000",
        "Location": "Taman Sentosa",
        "Post_Office": "Segamat",
        "State": "Johor"
    },
    {
        "Postcode": "85000",
        "Location": "Taman Sri Pelangi",
        "Post_Office": "Segamat",
        "State": "Johor"
    },
    {
        "Postcode": "85000",
        "Location": "Taman Suria",
        "Post_Office": "Segamat",
        "State": "Johor"
    },
    {
        "Postcode": "85000",
        "Location": "Taman Tasek",
        "Post_Office": "Segamat",
        "State": "Johor"
    },
    {
        "Postcode": "85000",
        "Location": "Taman Waja",
        "Post_Office": "Segamat",
        "State": "Johor"
    }
]
